id_osoby;nazwisko;imie;plec
1;Olszowka;Klara;K
2;Wieruszewski;Antoni;M
3;Jarosz;Milosz;M
4;Daczkowska;Weronika;K
5;Kurowska;Paulina;K
6;Jablonski;Nikodem;M
7;Bastian;Witold;M
8;Laszczynska;Magdalena;K
9;Szubiga;Dawid;M
10;Winiarski;Antoni;M
11;Mazurowski;Ksawery;M
12;Olewnik;Klaudia;K
13;Kruz;Maja;K
14;Rutkowski;Mariusz;M
15;Sawicki;Ignacy;M
16;Bugaj;Zofia;K
17;Jamrozy;Nikodem;M
18;Pomorski;Jakub;M
19;Mienik;Lena;K
20;Gryczka;Nina;K
21;Bilinski;Tymoteusz;M
22;Burdalska;Maja;K
23;Karczewska;Monika;K
24;Szelbracikowska;Edyta;K
25;Chomik;Szymon;M
26;Ziólkowski;Piotr;M
27;Kulinska;Maja;K
28;Drapella;Rafal;M
29;Lelental;Marcel;M
30;Majewski;Marcin;M
31;Rojek;Jakub;M
32;Pisowacki;Jan;M
33;Gomula;Patryk;M
34;Jaskulski;Mikolaj;M
35;Narloch;Kamil;M
36;Hofman;Nikola;K
37;Koza;Maria;K
38;Swiadek;Damian;M
39;Konstanski;Maurycy;M
40;Grochowalska;Oliwia;K
41;Hajdel;Olivier;M
42;Bieniasz;Anna;K
43;Kobus;Jakub;M
44;Mogielka;Konrad;M
45;Rogowska;Julia;K
46;Miller;Lena;K
47;Pawelczak;Karolina;K
48;Baranowska;Krystyna;K
49;Paner;Karolina;K
50;Rogulska;Julia;K
51;Jakubiak;Natalia;K
52;Mokrzycki;Konrad;M
53;Szwarc;Blanka;K
54;Wysocka;Alicja;K
55;Musial;Karol;M
56;Orczakowski;Kacper;M
57;Ordecka;Kinga;K
58;Glogier;Patrycja;K
59;Bohonos;Tadeusz;M
60;Tarnowska;Antonina;K
61;Piskorska;Kaja;K
62;Bzowka;Szymon;M
63;Mistat;Lena;K
64;Domaradzki;Sebastian;M
65;Goldschmidt;Patrycja;K
66;Rautenberg;Julia;K
67;Guzewicz;Oliwier;M
68;Guzinski;Oliwier;M
69;Kedzierski;Michal;M
70;Okroj;Kacper;M
71;Biegaj;Dorota;K
72;Sypniewska;Emilia;K
73;Wizniewska;Olga;K
74;Jurczuk;Mikolaj;M
75;Baszanowski;Wiktor;M
76;Szot;Dominik;M
77;Zagierska;Aleksandra;K
78;Kawecka;Milena;K
79;Borkowska;Zofia;K
80;Gwiazdowska;Nina;K
81;Mielewczyk;Kryspin;M
82;Szablewski;Fabian;M
83;Januszewska;Natalia;K
84;Filarski;Piotr;M
85;Kozinski;Mateusz;M
86;Safianowska;Julia;K
87;Grzezkiewicz;Nina;K
88;Sajnog;Igor;M
89;Zieba;Agata;K
90;Kmiecik;Martyna;K
91;Rozalski;Iwo;M
92;Rombel;Jakub;M
93;Frej;Piotr;M
94;Nieczoglomski;Kamil;M
95;Bujak;Tomasz;M
96;Mamcarz;Lilianna;K
97;Staszak;Hanna;K
98;Dabkiewicz;Weronika;K
99;Treder;Anna;K
100;Sumila;Emilia;K
101;Mika;Konrad;M
102;Matelski;Ksawery;M
103;Bednarz;Wiktor;M
104;Szymanski;Bartosz;M
105;Sleczek;Antonina;K
106;Blazejewska;Zofia;K
107;Holownia;Nikola;K
108;Kisiolek;Michalina;K
109;Bielicka;Zuzanna;K
110;Marcinowski;Leon;M
111;Stangel;Filip;M
112;Baranowska;Magdalena;K
113;Barabasz;Witold;M
114;Kowalska;Maria;K
115;Luksenburg;Maksymilian;M
116;Myczkowski;Krzysztof;M
117;Olszewski;Kacper;M
118;Brych;Tomasz;M
119;Steck;Hanna;K
120;Barzowska;Karolina;K
121;Szajrych;Emilia;K
122;Stefanowski;Filip;M
123;Zielinski;Wojciech;M
124;Jozwiak;Nadia;K
125;Chyla;Wanda;K
126;Zebrowska;Adrianna;K
127;Zielinska;Agata;K
128;Wozniak;Aleksander;M
129;Gora;Oliwia;K
130;Jalinska;Natalia;K
131;Grzedziela;Oliwier;M
132;Szamotulska;Emilia;K
133;Mazur;Lena;K
134;Weglinska;Amelia;K
135;Rugala;Ivo;M
136;Bols;Kamila;K
137;Tygielski;Bartosz;M
138;Bujnarowski;Szymon;M
139;Kapinska;Monika;K
140;Ziarko;Adam;M
141;Czajkowska;Wiktoria;K
142;Gorzelanczyk;Oliwia;K
143;Kwiatkowski;Marcin;M
144;Kozlowska;Malgorzta;K
145;Krasnowski;Mateusz;M
146;Treszczotka;Blażej;M
147;Rekzc;Jakub;M
148;Truchan;Bernard;M
149;Tysarczyk;Bartosz;M
150;Jakubowski;Nikodem;M
151;Tyminski;Bartosz;M
152;Drozdowski;Piotr;M
153;Gabrahn;Pola;K
154;Licbarski;Maksymilian;M
155;Wlodarczyk;Amelia;K
156;Trafalski;Borys;M
157;Bialous;Wanda;K
158;Paciorek;Julian;M
159;Auda;Wojciech;M
160;Gardynik;Pawel;M
161;Bilinska;Zofia;K
162;Rogowska;Maria;K
163;Szczygiel;Elzbieta;K
164;Prusak;Jakub;M
165;Laskowski;Marcel;M
166;Grabania;Oliwia;K
167;Klos;Michal;M
168;Konieczynski;Michal;M
169;Ukomska;Anna;K
170;Tokarska;Olimpia;K
171;Garbala;Pawel;M
172;Zylka;Adam;M
173;Rewekant;Julia;K
174;Przyloga;Jakub;M
175;Bela;Wiktor;M
176;Król;Mateusz;M
177;Napora;Kamil;M
178;Nieradko;Kajetan;M
179;Lysik;Magdalena;K
180;Kowalski;Mateusz;M
181;Buczynska;Zofia;K
182;Zalewski;Adrian;M
183;Klebba;Michal;M
184;Gondek;Oliwia;K
185;Jalinska;Natalia;K
186;Rozanski;Jakub;M
187;Szpyrka;Dawid;M
188;Ciarkowska;Wiktoria;K
189;Chojnacka;Wiktoria;K
190;Rugala;Igor;M
191;Szczech;Dominik;M
192;Lawendowska;Maja;K
193;Lewandowski;Maksymilian;M
194;Templin;Cezary;M
195;Figurska;Sara;K
196;Cejko;Zofia;K
197;Mizerek;Konrad;M
198;Siedzinska;Joanna;K
199;Orzel;Kacper;M
200;Kruk;Mateusz;M
201;Szpiegowska;Dominika;K
202;Ciunajcis;Renata;K
203;Czuba;Szymon;M
204;Bigott;Zofia;K
205;Giemza;Paula;K
206;Kowalska;Janina;K
207;Fodorowska;Sabina;K
208;Badaszek;Karol;M
209;Napiorkowska;Laura;K
210;Nerkowska;Laura;K
211;Stencel;Filip;M
212;Skalinski;Grzegorz;M
213;Potrawka;Jakub;M
214;GruźLewski;Oskar;M
215;Chmielewska;Wanda;K
216;Mielniczuk;Kornel;M
217;Szczepanski;Eryk;M
218;Jablonska;Nicola;K
219;Michalski;Krzysztof;M
220;Scibisz;Daniel;M
221;Padala;Julian;M
222;Stawny;Filip;M
223;Michalak;Krzysztof;M
224;Widelski;Artur;M
225;Wrobel;Alan;M
226;Krugly;Maja;K
227;Kamraj;Mikolaj;M
228;Duralak;Victoria;K
229;Jackiewicz;Nikodem;M
230;Czernis;Weronika;K
231;Windorpska;Amelia;K
232;Kubiak;Mateusz;M
233;Gojzewski;Patryk;M
234;Janczak;Natan;M
235;Jasiel;Natalia;K
236;Kenig;Michal;M
237;Skrzyniarz;Franciszek;M
238;Gorski;Oskar;M
239;Kedzia;Michal;M
240;Horon;Nicola;K
241;Sykut;Emilia;K
242;Osadnik;Kacper;M
243;Hajdel;Olivier;M
244;Matejczuk;Lena;K
245;Szczypior;Eliza;K
246;Kulik;Marek;M
247;Jarosz;Natalia;K
248;Rucka;Julia;K
249;Szubarczyk;Dominika;K
250;CzyZ;Weronika;K
251;Nike;Kaj;M
252;Kozlowska;Marcelina;K
253;Sochacki;Filip;M
254;Osiecka;Kinga;K
255;Ringwelska;Julia;K
256;Malecka;Livia;K
257;Witka;Amelia;K
258;Ciezlik;Maja;K
259;Osmanski;Kacper;M
260;Wietrzynska;Amelia;K
261;Pomaranski;Jakub;M
262;Jasinski;Milan;M
263;Szulc;Dawid;M
264;Wizniewska;Zofia;K
265;Zajsczkowska;Aleksandra;K
266;Studzieniecka;Ewa;K
267;Jamiolkowska;Natalia;K
268;Przyborowicz;Jakub;M
269;Paszkowski;Jan;M
270;Pieczykolan;Jan;M
271;Strehlke;Filip;M
272;Olech;Klaudia;K
273;Strzalkowska;Ewelina;K
274;Chorobinsk;Magdalena;K
275;Rosa;Julia;K
276;Treder;Blazej;M
277;Lisiewicz;Magdalena;K
278;Kiedrowski;Michal;M
279;Malysz;Łukasz;M
280;Olszewski;Kacper;M
281;Mazurek;Ksawery;M
282;Fryczke;Pawel;M
283;Dratkowski;Rafal;M
284;Szubert;Daria;K
285;Meszczynski;Krzysztof;M
286;Rutkowski;Pawel;M
287;Sora;Simeone;M
288;Lejman;Maja;K
289;Misztal;Konrad;M
290;Szarmach;Emilia;K
291;Swierczewski;Damian;M
292;Sololowski;Filip;M
293;Riegel;Julia;K
294;Chirek;Szymon;M
295;Zaprawa;Aleksandra;K
296;Balak;Katarzyna;K
297;Naskret;Kamil;M
298;Zak;Agata;K
299;Salata;Julia;K
300;Fryze;Jacek;M
301;Klosowska;Martyna;K
302;Gajda;Pawel;M
303;Kucharski;Mateusz;M
304;Bielinski;Tymoteusz;M
305;Lojewski;Maksymilian;M
306;Pietkiewicz;Kamila;K
307;Kret;Malgorzata;K
308;Galezowski;Pawel;M
309;Figurska;Selena;K
310;Konieczynski;Michal;M
311;Lubinska;Magdalena;K
312;Golanko;Patrycja;K
313;Kowalska;Marta;K
314;Mika;Konrad;M
315;Lyjak;Magdalena;K
316;Nowakowski;Kacper;M
317;Bajurska;Kamila;K
318;Loboda;Maciej;M
319;Luchowski;Maksymilian;M
320;Janiak;Nico;M
321;Szumilas;Blanka;K
322;Zaremba;Maria;K
323;Stanke;Hanna;K
324;Pinkowski;Jan;M
325;Prochniewicz;Jakub;M
326;Zaleski;Adrian;M
327;Lesiewicz;Maja;K
328;Pupp;Jakub;M
329;Wojda;Alicja;K
330;Lendzion;Maja;K
331;Jaworska;Nadia;K
332;Kolodziejczak;Marta;K
333;Gorazdowski;Patryk;M
334;Rodak;Jakub;M
335;Ukomski;Bartosz;M
336;Janowski;Nataniel;M
337;Staniszewska;Hanna;K
338;Sawicka;Julia;K
339;Panow;Julian;M
340;Czaplo;Wiktoria;K
341;Muzyka;Karol;M
342;Plichta;Jakub;M
343;Zurawski;Adam;M
344;Bobel;Tymon;M
345;Golebiewska;Oliwia;K
346;Stolarska;Gabriela;K
347;Zacharewicz;Aleksandra;K
348;Lubawska;Magdalena;K
349;Miszewska;Lena;K
350;Zawierucha;Agnieszka;K
351;Sosnowski;Filip;M
352;Sonnenfeld;Iga;K
353;Degowski;Stanislaw;M
354;Czerwinska;Weronika;K
355;Sachse;Julia;K
356;Bledkowska;Katarzyna;K
357;Ziólkowska;Agata;K
358;Snarski;Franciszek;M
359;Szymanska;Beata;K
360;Kreska;Malgorzata;K
361;Paciorek;Julian;M
362;Brzoskowski;Tomasz;M
363;Michel;Lena;K
364;Jasinska;Nadia;K
365;Laskowski;Mariusz;M
366;Mystkowski;Karol;M
367;Nagorski;Kamil;M
368;Sykus;Fabian;M
369;Baranowski;Witold;M
370;Trwoga;Bartosz;M
371;Magulski;Maciej;M
372;Langiewicz;Marcel;M
373;Przybysz;Julia;K
374;Krutul;Maja;K
375;Godlewska;Julianna;K
376;Sterlingow;Hanna;K
377;Szloinska;Dominika;K
378;Knut;Martyna;K
379;Polonski;Jakub;M
380;Gawrylczyk;Paulina;K
381;Kubisiak;Mateusz;M
382;Kubisiak;Marcin;M
383;Lewandowska;Katarzyna;K
384;Neumann;Laura;K
385;Duraj;Piotr;M
386;Grabowska;Oliwia;K
387;Makarska;Łucja;K
388;Dziedzic;Vanessa;K
389;Grabek;Oskar;M
390;Tarnacka;Antonina;K
391;Lunkiewicz;Maciej;M
392;Wojciechowski;Aleksander;M
393;Pochmara;Kaja;K
394;Leszczynska;Maja;K
395;Lorenc;Magdalena;K
396;Zalewska;Aleksandra;K
397;Gosiewska;Paulina;K
398;Mauruszewicz;Lena;K
399;Buczkowski;Mateusz;M
400;Mielewczyk;Lena;K
401;Ramlo;Julia;K
402;Rafinska;Julia;K
403;Broszczak;Olga;K
404;Bikonis;Zofia;K
405;Marczynska;Liliana;K
406;Krainska;Malgorzata;K
407;Oldakowska;Kinga;K
408;Gdaniec;Pawel;M
409;Skaluba;Gabriel;M
410;Klaus;Michalina;K
411;Kiryk;Michal;M
412;Kowalski;Mateusz;M
413;Wysokinski;Adrian;M
414;Szpak;Dawid;M
415;Madej;Łucja;K
416;Symoszyn;Emilia;K
417;Cieslik;Szymon;M
418;Pawlak;Jan;M
419;Sznejder;Dominika;K
420;Chmielewski;Jakub;M
421;Rysak;Igor;M
422;Szumilewicz;Dariusz;M
423;Krosnowski;Mateusz;M
424;Harris;Nina;K
425;Koszucka;Marika;K
426;Chmielewska;Wiktoria;K
427;Seredynska;Joanna;K
428;Afeltowicz;Wojciech;M
429;Jakubowska;Natalia;K
430;Lewandowska;Olga;K
431;Derosas;Weronika;K
432;Mucha;Laura;K
433;Szymichowska;Antonina;K
434;Janiszek;Natalia;K
435;Dombrowski;Sambor;M
436;Wieniarski;Arkadiusz;M
437;Marszalek;Lidia;K
438;Michalak;Krzysztof;M
439;Czartoryjska;Wiktoria;K
440;Tomanek;Anna;K
441;Pawlowicz;Karolina;K
442;Szwast;Daniel;M
443;Zawizlak;Adam;M
444;Wierzbicka;Amelia;K
445;Kielbowicz;Milena;K
446;Steinhardt;Hanna;K
447;Forjasz;Roxana;K
448;Karwik;Milena;K
449;Lupinska;Magdalena;K
450;Pengiel;Jan;M
451;Wojtaszewski;Aleksander;M
452;Czarkowska;Katarzyna;K
453;Zacharska;Aleksandra;K
454;Bilmon;Tymoteusz;M
455;Gorczynska;Oliwia;K
456;Budkowski;Marek;M
457;Dulak;Piotr;M
458;Kaczor;Mikolaj;M
459;Olszewski;Kacper;M
460;Polubinski;Piotr;M
461;Budny;Tomasz;M
462;Fiebig;Piotr;M
463;Ziolkowski;Adam;M
464;Rys;Igor;M
465;Orczyk;Kinga;K
466;Modzelewski;Konrad;M
467;Cichowlas;Marta;K
468;Kozlowska;Malgorzata;K
469;Wrona;Alicja;K
470;Podolszynski;Jakub;M
471;Piorkowska;Kalina;K
472;Mlodzianowska;Lena;K
473;Kmiecik;Martyna;K
474;Kisiel;Michal;M
475;Dolny;Sebastian;M
476;Kisiela;Michal;M
477;Piotrowski;Mariusz;M
478;Kopiejc;Maurycy;M
479;Oszmana;Katarzyna;K
480;Rozek;Jacek;M
481;Bajer;Jadwiga;K
482;Czapiewski;Szymon;M
483;Marynowska;Lena;K
484;Lubinska;Marta;K
485;Horbaczewska;Nicola;K
486;Wroblewska;Alicja;K
487;Skabara;Grzegorz;M
488;Formela;Piotr;M
489;Ziolkowski;Mariusz;M
490;Trocha;Anna;K
491;Greszczuk;Oliwia;K
492;Krupop;Maja;K
493;Janiczek;Natalia;K
494;Kempka;Milena;K
495;Wizniewski;Andrzej;M
496;Pajsk;Katarzyna;K
497;Lewicka;Magdalena;K
498;Swinianski;Cyprian;M
499;Kaminski;Mikolaj;M
500;Kirwiel;Michalina;K
501;Werbowy;Artur;M
502;Bajurska;Zuzanna;K
503;Zaborowska;Aleksandra;K
504;Dunislawska;Victoria;K
505;Stachurska;Helena;K
506;Kirwiel;Michal;M
507;Zega;Adam;M
508;Lukowski;Maciej;M
509;Pietraszczyk;Jan;M
510;Jedrzejczak;Nadia;K
511;Wymyslowska;Alicja;K
512;Wicher;Amelia;K
513;Tusinski;Bartosz;M
514;Walaszek;Angelika;K
515;Karolewska;Milena;K
516;Stanulewicz;Filip;M
517;Marszalek;Kuba;M
518;Kieloch;Michal;M
519;Marmelowska;Martyna;K
520;Nikolajew;Kacper;M
521;Okla;Kacper;M
522;Lademann;Marcel;M
523;Kowakczyk;Maria;K
524;Pawelska;Karolina;K
525;Niemczyk;Kamil;M
526;Hazubski;Olgierd;M
527;Ryngwelski;Igor;M
528;Ropiak;Jakub;M
529;Giemza;Patryk;M
530;Domzala;Ryszard;M
531;Pozarzycka;Justyna;K
